#,Source,Samples,Top Stall #1 (Type),Top Stall #1 (Samples),Top Stall #2 (Type),Top Stall #2 (Samples),Top Stall #3 (Type),Top Stall #3 (Samples),Instruction Mix,Dependency-Attributed Samples,Live Registers
,mesh.10000.spv (9314f1f748b76d22),,,,,,,
1,; SPIR-V,,,,,,,,,,
2,; Version: 1.5,,,,,,,,,,
3,; Generator: Google Shaderc over Glslang; 11,,,,,,,,,,
4,; Bound: 423,,,,,,,,,,
5,; Schema: 0,,,,,,,,,,
6,OpCapability MeshShadingEXT,,,,,,,,,,
7,"OpExtension ""SPV_EXT_mesh_shader""",,,,,,,,,,
8,"%1 = OpExtInstImport ""GLSL.std.450""",,,,,,,,,,
9,OpMemoryModel Logical GLSL450,,,,,,,,,,
10,"OpEntryPoint MeshEXT %main ""main"" %indexBuf %IN %entityBuf %meshBuf %gl_WorkGroupID %gl_LocalInvocationID %transformBuf %vertexBuf %gl_MeshVerticesEXT %shadowBuf %pc %global %fragNormal %fragTexCoord %outMaterialIndex %fragWorldPos %outEntityIndex %gl_PrimitiveTriangleIndicesEXT %materialBuf %compactedBuf",,,,,,,,,,
11,OpExecutionMode %main LocalSize 64 1 1,,,,,,,,,,
12,OpExecutionMode %main OutputVertices 64,,,,,,,,,,
13,OpExecutionMode %main OutputPrimitivesEXT 126,,,,,,,,,,
14,OpExecutionMode %main OutputTrianglesEXT,,,,,,,,,,
15,OpSource GLSL 460,,,,,,,,,,
16,"OpSourceExtension ""GL_EXT_mesh_shader""",,,,,,,,,,
17,"OpSourceExtension ""GL_GOOGLE_cpp_style_line_directive""",,,,,,,,,,
18,"OpSourceExtension ""GL_GOOGLE_include_directive""",,,,,,,,,,
19,"OpName %main ""main""",,,,,,,,,,
20,"OpName %getLocalIndex_u1_u1_u1_u1_ ""getLocalIndex(u1;u1;u1;u1;""",,,,,,,,,,
21,"OpName %baseByteOffset ""baseByteOffset""",,,,,,,,,,
22,"OpName %triangleOffset ""triangleOffset""",,,,,,,,,,
23,"OpName %t ""t""",,,,,,,,,,
24,"OpName %vertexInTriangle ""vertexInTriangle""",,,,,,,,,,
25,"OpName %byteOffset ""byteOffset""",,,,,,,,,,
26,"OpName %uintIdx ""uintIdx""",,,,,,,,,,
27,"OpName %byteIdx ""byteIdx""",,,,,,,,,,
28,"OpName %val ""val""",,,,,,,,,,
29,"OpName %IndexBuffer ""IndexBuffer""",,,,,,,,,,
30,"OpMemberName %IndexBuffer 0 ""data""",,,,,,,,,,
31,"OpName %indexBuf ""indexBuf""",,,,,,,,,,
32,"OpName %packed ""packed""",,,,,,,,,,
33,"OpName %TaskPayload ""TaskPayload""",,,,,,,,,,
34,"OpMemberName %TaskPayload 0 ""packedEntity""",,,,,,,,,,
35,"OpMemberName %TaskPayload 1 ""meshletIds""",,,,,,,,,,
36,"OpName %IN ""IN""",,,,,,,,,,
37,"OpName %entityIndex ""entityIndex""",,,,,,,,,,
38,"OpName %lodLevel ""lodLevel""",,,,,,,,,,
39,"OpName %EntityInfo ""EntityInfo""",,,,,,,,,,
40,"OpMemberName %EntityInfo 0 ""meshIndex""",,,,,,,,,,
41,"OpMemberName %EntityInfo 1 ""materialIndex""",,,,,,,,,,
42,"OpName %entity ""entity""",,,,,,,,,,
43,"OpName %EntityInfo_0 ""EntityInfo""",,,,,,,,,,
44,"OpMemberName %EntityInfo_0 0 ""meshIndex""",,,,,,,,,,
45,"OpMemberName %EntityInfo_0 1 ""materialIndex""",,,,,,,,,,
46,"OpName %EntitySSBO ""EntitySSBO""",,,,,,,,,,
47,"OpMemberName %EntitySSBO 0 ""entities""",,,,,,,,,,
48,"OpName %entityBuf ""entityBuf""",,,,,,,,,,
49,"OpName %meshIndex ""meshIndex""",,,,,,,,,,
50,"OpName %materialIndex ""materialIndex""",,,,,,,,,,
51,"OpName %MeshData ""MeshData""",,,,,,,,,,
52,"OpMemberName %MeshData 0 ""meshletCount""",,,,,,,,,,
53,"OpMemberName %MeshData 1 ""meshletOffset""",,,,,,,,,,
54,"OpMemberName %MeshData 2 ""uniqueVerticesOffset""",,,,,,,,,,
55,"OpMemberName %MeshData 3 ""trianglesOffset""",,,,,,,,,,
56,"OpMemberName %MeshData 4 ""vertexOffset""",,,,,,,,,,
57,"OpMemberName %MeshData 5 ""classicIndexCount""",,,,,,,,,,
58,"OpMemberName %MeshData 6 ""classicFirstIndex""",,,,,,,,,,
59,"OpMemberName %MeshData 7 ""boundsOffset""",,,,,,,,,,
60,"OpMemberName %MeshData 8 ""lodCount""",,,,,,,,,,
61,"OpName %mData ""mData""",,,,,,,,,,
62,"OpName %MeshData_0 ""MeshData""",,,,,,,,,,
63,"OpMemberName %MeshData_0 0 ""meshletCount""",,,,,,,,,,
64,"OpMemberName %MeshData_0 1 ""meshletOffset""",,,,,,,,,,
65,"OpMemberName %MeshData_0 2 ""uniqueVerticesOffset""",,,,,,,,,,
66,"OpMemberName %MeshData_0 3 ""trianglesOffset""",,,,,,,,,,
67,"OpMemberName %MeshData_0 4 ""vertexOffset""",,,,,,,,,,
68,"OpMemberName %MeshData_0 5 ""classicIndexCount""",,,,,,,,,,
69,"OpMemberName %MeshData_0 6 ""classicFirstIndex""",,,,,,,,,,
70,"OpMemberName %MeshData_0 7 ""boundsOffset""",,,,,,,,,,
71,"OpMemberName %MeshData_0 8 ""lodCount""",,,,,,,,,,
72,"OpName %MeshSSBO ""MeshSSBO""",,,,,,,,,,
73,"OpMemberName %MeshSSBO 0 ""meshDrawData""",,,,,,,,,,
74,"OpName %meshBuf ""meshBuf""",,,,,,,,,,
75,"OpName %meshletCount ""meshletCount""",,,,,,,,,,
76,"OpName %meshletOffsetBytes ""meshletOffsetBytes""",,,,,,,,,,
77,"OpName %uniqueVertOffsetBytes ""uniqueVertOffsetBytes""",,,,,,,,,,
78,"OpName %trianglesOffsetBytes ""trianglesOffsetBytes""",,,,,,,,,,
79,"OpName %vertexOffsetBytes ""vertexOffsetBytes""",,,,,,,,,,
80,"OpName %meshletOffsetUint ""meshletOffsetUint""",,,,,,,,,,
81,"OpName %uniqueVertOffsetUint ""uniqueVertOffsetUint""",,,,,,,,,,
82,"OpName %globalVertexBase ""globalVertexBase""",,,,,,,,,,
83,"OpName %m ""m""",,,,,,,,,,
84,"OpName %gl_WorkGroupID ""gl_WorkGroupID""",,,,,,,,,,
85,"OpName %meshletIndex ""meshletIndex""",,,,,,,,,,
86,"OpName %vertexOffset ""vertexOffset""",,,,,,,,,,
87,"OpName %triangleOffset_0 ""triangleOffset""",,,,,,,,,,
88,"OpName %vertexCount ""vertexCount""",,,,,,,,,,
89,"OpName %triangleCount ""triangleCount""",,,,,,,,,,
90,"OpName %ti ""ti""",,,,,,,,,,
91,"OpName %gl_LocalInvocationID ""gl_LocalInvocationID""",,,,,,,,,,
92,"OpName %model ""model""",,,,,,,,,,
93,"OpName %TransformSSBO ""TransformSSBO""",,,,,,,,,,
94,"OpMemberName %TransformSSBO 0 ""transforms""",,,,,,,,,,
95,"OpName %transformBuf ""transformBuf""",,,,,,,,,,
96,"OpName %normalMatrix ""normalMatrix""",,,,,,,,,,
97,"OpName %i ""i""",,,,,,,,,,
98,"OpName %vertexIdx ""vertexIdx""",,,,,,,,,,
99,"OpName %globalVertexIdx ""globalVertexIdx""",,,,,,,,,,
100,"OpName %PackedVertex ""PackedVertex""",,,,,,,,,,
101,"OpMemberName %PackedVertex 0 ""px""",,,,,,,,,,
102,"OpMemberName %PackedVertex 1 ""py""",,,,,,,,,,
103,"OpMemberName %PackedVertex 2 ""pz""",,,,,,,,,,
104,"OpMemberName %PackedVertex 3 ""nx""",,,,,,,,,,
105,"OpMemberName %PackedVertex 4 ""ny""",,,,,,,,,,
106,"OpMemberName %PackedVertex 5 ""nz""",,,,,,,,,,
107,"OpMemberName %PackedVertex 6 ""u""",,,,,,,,,,
108,"OpMemberName %PackedVertex 7 ""v""",,,,,,,,,,
109,"OpName %v ""v""",,,,,,,,,,
110,"OpName %PackedVertex_0 ""PackedVertex""",,,,,,,,,,
111,"OpMemberName %PackedVertex_0 0 ""px""",,,,,,,,,,
112,"OpMemberName %PackedVertex_0 1 ""py""",,,,,,,,,,
113,"OpMemberName %PackedVertex_0 2 ""pz""",,,,,,,,,,
114,"OpMemberName %PackedVertex_0 3 ""nx""",,,,,,,,,,
115,"OpMemberName %PackedVertex_0 4 ""ny""",,,,,,,,,,
116,"OpMemberName %PackedVertex_0 5 ""nz""",,,,,,,,,,
117,"OpMemberName %PackedVertex_0 6 ""u""",,,,,,,,,,
118,"OpMemberName %PackedVertex_0 7 ""v""",,,,,,,,,,
119,"OpName %VertexBuffer ""VertexBuffer""",,,,,,,,,,
120,"OpMemberName %VertexBuffer 0 ""vertices""",,,,,,,,,,
121,"OpName %vertexBuf ""vertexBuf""",,,,,,,,,,
122,"OpName %position ""position""",,,,,,,,,,
123,"OpName %worldPos ""worldPos""",,,,,,,,,,
124,"OpName %gl_MeshPerVertexEXT ""gl_MeshPerVertexEXT""",,,,,,,,,,
125,"OpMemberName %gl_MeshPerVertexEXT 0 ""gl_Position""",,,,,,,,,,
126,"OpName %gl_MeshVerticesEXT ""gl_MeshVerticesEXT""",,,,,,,,,,
127,"OpName %shadowPass ""shadowPass""",,,,,,,,,,
128,"OpName %CullView ""CullView""",,,,,,,,,,
129,"OpMemberName %CullView 0 ""viewProj""",,,,,,,,,,
130,"OpMemberName %CullView 1 ""frustumPlanes""",,,,,,,,,,
131,"OpName %ShadowFrustumSSBO ""ShadowFrustumSSBO""",,,,,,,,,,
132,"OpMemberName %ShadowFrustumSSBO 0 ""shadowFrustums""",,,,,,,,,,
133,"OpName %shadowBuf ""shadowBuf""",,,,,,,,,,
134,"OpName %PushConstants ""PushConstants""",,,,,,,,,,
135,"OpMemberName %PushConstants 0 ""transformBaseOffset""",,,,,,,,,,
136,"OpMemberName %PushConstants 1 ""shadowFrustumIndex""",,,,,,,,,,
137,"OpName %pc ""pc""",,,,,,,,,,
138,"OpName %GlobalUBO ""GlobalUBO""",,,,,,,,,,
139,"OpMemberName %GlobalUBO 0 ""view""",,,,,,,,,,
140,"OpMemberName %GlobalUBO 1 ""proj""",,,,,,,,,,
141,"OpMemberName %GlobalUBO 2 ""time""",,,,,,,,,,
142,"OpMemberName %GlobalUBO 3 ""deltaTime""",,,,,,,,,,
143,"OpMemberName %GlobalUBO 4 ""frameCount""",,,,,,,,,,
144,"OpMemberName %GlobalUBO 5 ""lightCount""",,,,,,,,,,
145,"OpMemberName %GlobalUBO 6 ""cameraPos""",,,,,,,,,,
146,"OpName %global ""global""",,,,,,,,,,
147,"OpName %normal ""normal""",,,,,,,,,,
148,"OpName %texCoord ""texCoord""",,,,,,,,,,
149,"OpName %fragNormal ""fragNormal""",,,,,,,,,,
150,"OpName %fragTexCoord ""fragTexCoord""",,,,,,,,,,
151,"OpName %outMaterialIndex ""outMaterialIndex""",,,,,,,,,,
152,"OpName %fragWorldPos ""fragWorldPos""",,,,,,,,,,
153,"OpName %outEntityIndex ""outEntityIndex""",,,,,,,,,,
154,"OpName %i_0 ""i""",,,,,,,,,,
155,"OpName %i0 ""i0""",,,,,,,,,,
156,"OpName %param ""param""",,,,,,,,,,
157,"OpName %param_0 ""param""",,,,,,,,,,
158,"OpName %param_1 ""param""",,,,,,,,,,
159,"OpName %param_2 ""param""",,,,,,,,,,
160,"OpName %i1 ""i1""",,,,,,,,,,
161,"OpName %param_3 ""param""",,,,,,,,,,
162,"OpName %param_4 ""param""",,,,,,,,,,
163,"OpName %param_5 ""param""",,,,,,,,,,
164,"OpName %param_6 ""param""",,,,,,,,,,
165,"OpName %i2 ""i2""",,,,,,,,,,
166,"OpName %param_7 ""param""",,,,,,,,,,
167,"OpName %param_8 ""param""",,,,,,,,,,
168,"OpName %param_9 ""param""",,,,,,,,,,
169,"OpName %param_10 ""param""",,,,,,,,,,
170,"OpName %gl_PrimitiveTriangleIndicesEXT ""gl_PrimitiveTriangleIndicesEXT""",,,,,,,,,,
171,"OpName %MaterialData ""MaterialData""",,,,,,,,,,
172,"OpMemberName %MaterialData 0 ""features""",,,,,,,,,,
173,"OpMemberName %MaterialData 1 ""baseColorTexture""",,,,,,,,,,
174,"OpMemberName %MaterialData 2 ""pad0""",,,,,,,,,,
175,"OpMemberName %MaterialData 3 ""baseColorFactor""",,,,,,,,,,
176,"OpMemberName %MaterialData 4 ""metallicRoughnessTexture""",,,,,,,,,,
177,"OpMemberName %MaterialData 5 ""metallicFactor""",,,,,,,,,,
178,"OpMemberName %MaterialData 6 ""roughnessFactor""",,,,,,,,,,
179,"OpMemberName %MaterialData 7 ""normalTexture""",,,,,,,,,,
180,"OpMemberName %MaterialData 8 ""normalScale""",,,,,,,,,,
181,"OpMemberName %MaterialData 9 ""occlusionTexture""",,,,,,,,,,
182,"OpMemberName %MaterialData 10 ""occlusionStrength""",,,,,,,,,,
183,"OpMemberName %MaterialData 11 ""emissiveTexture""",,,,,,,,,,
184,"OpMemberName %MaterialData 12 ""emissiveFactor""",,,,,,,,,,
185,"OpMemberName %MaterialData 13 ""alphaMode""",,,,,,,,,,
186,"OpMemberName %MaterialData 14 ""alphaCutoff""",,,,,,,,,,
187,"OpMemberName %MaterialData 15 ""doubleSided""",,,,,,,,,,
188,"OpMemberName %MaterialData 16 ""clearcoatTexture""",,,,,,,,,,
189,"OpMemberName %MaterialData 17 ""clearcoatRoughnessTexture""",,,,,,,,,,
190,"OpMemberName %MaterialData 18 ""clearcoatNormalTexture""",,,,,,,,,,
191,"OpMemberName %MaterialData 19 ""clearcoatFactor""",,,,,,,,,,
192,"OpMemberName %MaterialData 20 ""clearcoatRoughnessFactor""",,,,,,,,,,
193,"OpMemberName %MaterialData 21 ""transmissionTexture""",,,,,,,,,,
194,"OpMemberName %MaterialData 22 ""transmissionFactor""",,,,,,,,,,
195,"OpMemberName %MaterialData 23 ""thicknessTexture""",,,,,,,,,,
196,"OpMemberName %MaterialData 24 ""thicknessFactor""",,,,,,,,,,
197,"OpMemberName %MaterialData 25 ""attenuationDistance""",,,,,,,,,,
198,"OpMemberName %MaterialData 26 ""pad1""",,,,,,,,,,
199,"OpMemberName %MaterialData 27 ""attenuationColor""",,,,,,,,,,
200,"OpMemberName %MaterialData 28 ""ior""",,,,,,,,,,
201,"OpMemberName %MaterialData 29 ""specularTexture""",,,,,,,,,,
202,"OpMemberName %MaterialData 30 ""specularColorTexture""",,,,,,,,,,
203,"OpMemberName %MaterialData 31 ""specularFactor""",,,,,,,,,,
204,"OpMemberName %MaterialData 32 ""specularColorFactor""",,,,,,,,,,
205,"OpMemberName %MaterialData 33 ""sheenColorTexture""",,,,,,,,,,
206,"OpMemberName %MaterialData 34 ""sheenRoughnessTexture""",,,,,,,,,,
207,"OpMemberName %MaterialData 35 ""pad2""",,,,,,,,,,
208,"OpMemberName %MaterialData 36 ""sheenColorFactor""",,,,,,,,,,
209,"OpMemberName %MaterialData 37 ""sheenRoughnessFactor""",,,,,,,,,,
210,"OpMemberName %MaterialData 38 ""iridescenceTexture""",,,,,,,,,,
211,"OpMemberName %MaterialData 39 ""iridescenceThicknessTexture""",,,,,,,,,,
212,"OpMemberName %MaterialData 40 ""iridescenceFactor""",,,,,,,,,,
213,"OpMemberName %MaterialData 41 ""iridescenceIor""",,,,,,,,,,
214,"OpMemberName %MaterialData 42 ""iridescenceThicknessMinimum""",,,,,,,,,,
215,"OpMemberName %MaterialData 43 ""iridescenceThicknessMaximum""",,,,,,,,,,
216,"OpMemberName %MaterialData 44 ""anisotropyTexture""",,,,,,,,,,
217,"OpMemberName %MaterialData 45 ""anisotropyStrength""",,,,,,,,,,
218,"OpMemberName %MaterialData 46 ""anisotropyRotation""",,,,,,,,,,
219,"OpMemberName %MaterialData 47 ""dispersion""",,,,,,,,,,
220,"OpMemberName %MaterialData 48 ""diffuseTransmissionTexture""",,,,,,,,,,
221,"OpMemberName %MaterialData 49 ""diffuseTransmissionColorTexture""",,,,,,,,,,
222,"OpMemberName %MaterialData 50 ""diffuseTransmissionFactor""",,,,,,,,,,
223,"OpMemberName %MaterialData 51 ""pad3""",,,,,,,,,,
224,"OpMemberName %MaterialData 52 ""diffuseTransmissionColorFactor""",,,,,,,,,,
225,"OpMemberName %MaterialData 53 ""emissiveStrength""",,,,,,,,,,
226,"OpMemberName %MaterialData 54 ""pipelineType""",,,,,,,,,,
227,"OpMemberName %MaterialData 55 ""padding""",,,,,,,,,,
228,"OpName %MaterialSSBO ""MaterialSSBO""",,,,,,,,,,
229,"OpMemberName %MaterialSSBO 0 ""materials""",,,,,,,,,,
230,"OpName %materialBuf ""materialBuf""",,,,,,,,,,
231,"OpName %CompactedEntityIndices ""CompactedEntityIndices""",,,,,,,,,,
232,"OpMemberName %CompactedEntityIndices 0 ""entityIndices""",,,,,,,,,,
233,"OpName %compactedBuf ""compactedBuf""",,,,,,,,,,
234,OpDecorate %_runtimearr_uint ArrayStride 4,,,,,,,,,,
235,OpDecorate %IndexBuffer Block,,,,,,,,,,
236,OpMemberDecorate %IndexBuffer 0 NonWritable,,,,,,,,,,
237,OpMemberDecorate %IndexBuffer 0 Offset 0,,,,,,,,,,
238,OpDecorate %indexBuf NonWritable,,,,,,,,,,
239,OpDecorate %indexBuf Binding 5,,,,,,,,,,
240,OpDecorate %indexBuf DescriptorSet 0,,,,,,,,,,
241,OpMemberDecorate %EntityInfo_0 0 Offset 0,,,,,,,,,,
242,OpMemberDecorate %EntityInfo_0 1 Offset 4,,,,,,,,,,
243,OpDecorate %_runtimearr_EntityInfo_0 ArrayStride 8,,,,,,,,,,
244,OpDecorate %EntitySSBO Block,,,,,,,,,,
245,OpMemberDecorate %EntitySSBO 0 NonWritable,,,,,,,,,,
246,OpMemberDecorate %EntitySSBO 0 Offset 0,,,,,,,,,,
247,OpDecorate %entityBuf NonWritable,,,,,,,,,,
248,OpDecorate %entityBuf Binding 3,,,,,,,,,,
249,OpDecorate %entityBuf DescriptorSet 0,,,,,,,,,,
250,OpMemberDecorate %MeshData_0 0 Offset 0,,,,,,,,,,
251,OpMemberDecorate %MeshData_0 1 Offset 4,,,,,,,,,,
252,OpMemberDecorate %MeshData_0 2 Offset 8,,,,,,,,,,
253,OpMemberDecorate %MeshData_0 3 Offset 12,,,,,,,,,,
254,OpMemberDecorate %MeshData_0 4 Offset 16,,,,,,,,,,
255,OpMemberDecorate %MeshData_0 5 Offset 20,,,,,,,,,,
256,OpMemberDecorate %MeshData_0 6 Offset 24,,,,,,,,,,
257,OpMemberDecorate %MeshData_0 7 Offset 28,,,,,,,,,,
258,OpMemberDecorate %MeshData_0 8 Offset 32,,,,,,,,,,
259,OpDecorate %_runtimearr_MeshData_0 ArrayStride 36,,,,,,,,,,
260,OpDecorate %MeshSSBO Block,,,,,,,,,,
261,OpMemberDecorate %MeshSSBO 0 NonWritable,,,,,,,,,,
262,OpMemberDecorate %MeshSSBO 0 Offset 0,,,,,,,,,,
263,OpDecorate %meshBuf NonWritable,,,,,,,,,,
264,OpDecorate %meshBuf Binding 6,,,,,,,,,,
265,OpDecorate %meshBuf DescriptorSet 0,,,,,,,,,,
266,OpDecorate %gl_WorkGroupID BuiltIn WorkgroupId,,,,,,,,,,
267,OpDecorate %gl_LocalInvocationID BuiltIn LocalInvocationId,,,,,,,,,,
268,OpDecorate %_runtimearr_mat4v4float ArrayStride 64,,,,,,,,,,
269,OpDecorate %TransformSSBO Block,,,,,,,,,,
270,OpMemberDecorate %TransformSSBO 0 ColMajor,,,,,,,,,,
271,OpMemberDecorate %TransformSSBO 0 MatrixStride 16,,,,,,,,,,
272,OpMemberDecorate %TransformSSBO 0 NonWritable,,,,,,,,,,
273,OpMemberDecorate %TransformSSBO 0 Offset 0,,,,,,,,,,
274,OpDecorate %transformBuf NonWritable,,,,,,,,,,
275,OpDecorate %transformBuf Binding 1,,,,,,,,,,
276,OpDecorate %transformBuf DescriptorSet 0,,,,,,,,,,
277,OpMemberDecorate %PackedVertex_0 0 Offset 0,,,,,,,,,,
278,OpMemberDecorate %PackedVertex_0 1 Offset 4,,,,,,,,,,
279,OpMemberDecorate %PackedVertex_0 2 Offset 8,,,,,,,,,,
280,OpMemberDecorate %PackedVertex_0 3 Offset 12,,,,,,,,,,
281,OpMemberDecorate %PackedVertex_0 4 Offset 16,,,,,,,,,,
282,OpMemberDecorate %PackedVertex_0 5 Offset 20,,,,,,,,,,
283,OpMemberDecorate %PackedVertex_0 6 Offset 24,,,,,,,,,,
284,OpMemberDecorate %PackedVertex_0 7 Offset 28,,,,,,,,,,
285,OpDecorate %_runtimearr_PackedVertex_0 ArrayStride 32,,,,,,,,,,
286,OpDecorate %VertexBuffer Block,,,,,,,,,,
287,OpMemberDecorate %VertexBuffer 0 NonWritable,,,,,,,,,,
288,OpMemberDecorate %VertexBuffer 0 Offset 0,,,,,,,,,,
289,OpDecorate %vertexBuf NonWritable,,,,,,,,,,
290,OpDecorate %vertexBuf Binding 4,,,,,,,,,,
291,OpDecorate %vertexBuf DescriptorSet 0,,,,,,,,,,
292,OpDecorate %gl_MeshPerVertexEXT Block,,,,,,,,,,
293,OpMemberDecorate %gl_MeshPerVertexEXT 0 BuiltIn Position,,,,,,,,,,
294,OpMemberDecorate %gl_MeshPerVertexEXT 0 Invariant,,,,,,,,,,
295,OpDecorate %shadowPass SpecId 0,,,,,,,,,,
296,OpDecorate %_arr_v4float_uint_6 ArrayStride 16,,,,,,,,,,
297,OpMemberDecorate %CullView 0 ColMajor,,,,,,,,,,
298,OpMemberDecorate %CullView 0 MatrixStride 16,,,,,,,,,,
299,OpMemberDecorate %CullView 0 Offset 0,,,,,,,,,,
300,OpMemberDecorate %CullView 1 Offset 64,,,,,,,,,,
301,OpDecorate %_runtimearr_CullView ArrayStride 160,,,,,,,,,,
302,OpDecorate %ShadowFrustumSSBO Block,,,,,,,,,,
303,OpMemberDecorate %ShadowFrustumSSBO 0 NonWritable,,,,,,,,,,
304,OpMemberDecorate %ShadowFrustumSSBO 0 Offset 0,,,,,,,,,,
305,OpDecorate %shadowBuf NonWritable,,,,,,,,,,
306,OpDecorate %shadowBuf Binding 0,,,,,,,,,,
307,OpDecorate %shadowBuf DescriptorSet 2,,,,,,,,,,
308,OpDecorate %PushConstants Block,,,,,,,,,,
309,OpMemberDecorate %PushConstants 0 Offset 0,,,,,,,,,,
310,OpMemberDecorate %PushConstants 1 Offset 4,,,,,,,,,,
311,OpDecorate %GlobalUBO Block,,,,,,,,,,
312,OpMemberDecorate %GlobalUBO 0 ColMajor,,,,,,,,,,
313,OpMemberDecorate %GlobalUBO 0 MatrixStride 16,,,,,,,,,,
314,OpMemberDecorate %GlobalUBO 0 Offset 0,,,,,,,,,,
315,OpMemberDecorate %GlobalUBO 1 ColMajor,,,,,,,,,,
316,OpMemberDecorate %GlobalUBO 1 MatrixStride 16,,,,,,,,,,
317,OpMemberDecorate %GlobalUBO 1 Offset 64,,,,,,,,,,
318,OpMemberDecorate %GlobalUBO 2 Offset 128,,,,,,,,,,
319,OpMemberDecorate %GlobalUBO 3 Offset 132,,,,,,,,,,
320,OpMemberDecorate %GlobalUBO 4 Offset 136,,,,,,,,,,
321,OpMemberDecorate %GlobalUBO 5 Offset 140,,,,,,,,,,
322,OpMemberDecorate %GlobalUBO 6 Offset 144,,,,,,,,,,
323,OpDecorate %global Binding 0,,,,,,,,,,
324,OpDecorate %global DescriptorSet 0,,,,,,,,,,
325,OpDecorate %fragNormal Location 0,,,,,,,,,,
326,OpDecorate %fragTexCoord Location 1,,,,,,,,,,
327,OpDecorate %outMaterialIndex Flat,,,,,,,,,,
328,OpDecorate %outMaterialIndex Location 2,,,,,,,,,,
329,OpDecorate %fragWorldPos Location 3,,,,,,,,,,
330,OpDecorate %outEntityIndex Flat,,,,,,,,,,
331,OpDecorate %outEntityIndex Location 4,,,,,,,,,,
332,OpDecorate %gl_PrimitiveTriangleIndicesEXT BuiltIn PrimitiveTriangleIndicesEXT,,,,,,,,,,
333,OpDecorate %gl_WorkGroupSize BuiltIn WorkgroupSize,,,,,,,,,,
334,OpDecorate %_arr_uint_uint_2 ArrayStride 4,,,,,,,,,,
335,OpDecorate %_arr_uint_uint_3 ArrayStride 4,,,,,,,,,,
336,OpDecorate %_arr_uint_uint_2_0 ArrayStride 4,,,,,,,,,,
337,OpDecorate %_arr_uint_uint_2_1 ArrayStride 4,,,,,,,,,,
338,OpDecorate %_arr_uint_uint_2_2 ArrayStride 4,,,,,,,,,,
339,OpMemberDecorate %MaterialData 0 Offset 0,,,,,,,,,,
340,OpMemberDecorate %MaterialData 1 Offset 4,,,,,,,,,,
341,OpMemberDecorate %MaterialData 2 Offset 8,,,,,,,,,,
342,OpMemberDecorate %MaterialData 3 Offset 16,,,,,,,,,,
343,OpMemberDecorate %MaterialData 4 Offset 32,,,,,,,,,,
344,OpMemberDecorate %MaterialData 5 Offset 36,,,,,,,,,,
345,OpMemberDecorate %MaterialData 6 Offset 40,,,,,,,,,,
346,OpMemberDecorate %MaterialData 7 Offset 44,,,,,,,,,,
347,OpMemberDecorate %MaterialData 8 Offset 48,,,,,,,,,,
348,OpMemberDecorate %MaterialData 9 Offset 52,,,,,,,,,,
349,OpMemberDecorate %MaterialData 10 Offset 56,,,,,,,,,,
350,OpMemberDecorate %MaterialData 11 Offset 60,,,,,,,,,,
351,OpMemberDecorate %MaterialData 12 Offset 64,,,,,,,,,,
352,OpMemberDecorate %MaterialData 13 Offset 80,,,,,,,,,,
353,OpMemberDecorate %MaterialData 14 Offset 84,,,,,,,,,,
354,OpMemberDecorate %MaterialData 15 Offset 88,,,,,,,,,,
355,OpMemberDecorate %MaterialData 16 Offset 92,,,,,,,,,,
356,OpMemberDecorate %MaterialData 17 Offset 96,,,,,,,,,,
357,OpMemberDecorate %MaterialData 18 Offset 100,,,,,,,,,,
358,OpMemberDecorate %MaterialData 19 Offset 104,,,,,,,,,,
359,OpMemberDecorate %MaterialData 20 Offset 108,,,,,,,,,,
360,OpMemberDecorate %MaterialData 21 Offset 112,,,,,,,,,,
361,OpMemberDecorate %MaterialData 22 Offset 116,,,,,,,,,,
362,OpMemberDecorate %MaterialData 23 Offset 120,,,,,,,,,,
363,OpMemberDecorate %MaterialData 24 Offset 124,,,,,,,,,,
364,OpMemberDecorate %MaterialData 25 Offset 128,,,,,,,,,,
365,OpMemberDecorate %MaterialData 26 Offset 132,,,,,,,,,,
366,OpMemberDecorate %MaterialData 27 Offset 144,,,,,,,,,,
367,OpMemberDecorate %MaterialData 28 Offset 160,,,,,,,,,,
368,OpMemberDecorate %MaterialData 29 Offset 164,,,,,,,,,,
369,OpMemberDecorate %MaterialData 30 Offset 168,,,,,,,,,,
370,OpMemberDecorate %MaterialData 31 Offset 172,,,,,,,,,,
371,OpMemberDecorate %MaterialData 32 Offset 176,,,,,,,,,,
372,OpMemberDecorate %MaterialData 33 Offset 192,,,,,,,,,,
373,OpMemberDecorate %MaterialData 34 Offset 196,,,,,,,,,,
374,OpMemberDecorate %MaterialData 35 Offset 200,,,,,,,,,,
375,OpMemberDecorate %MaterialData 36 Offset 208,,,,,,,,,,
376,OpMemberDecorate %MaterialData 37 Offset 224,,,,,,,,,,
377,OpMemberDecorate %MaterialData 38 Offset 228,,,,,,,,,,
378,OpMemberDecorate %MaterialData 39 Offset 232,,,,,,,,,,
379,OpMemberDecorate %MaterialData 40 Offset 236,,,,,,,,,,
380,OpMemberDecorate %MaterialData 41 Offset 240,,,,,,,,,,
381,OpMemberDecorate %MaterialData 42 Offset 244,,,,,,,,,,
382,OpMemberDecorate %MaterialData 43 Offset 248,,,,,,,,,,
383,OpMemberDecorate %MaterialData 44 Offset 252,,,,,,,,,,
384,OpMemberDecorate %MaterialData 45 Offset 256,,,,,,,,,,
385,OpMemberDecorate %MaterialData 46 Offset 260,,,,,,,,,,
386,OpMemberDecorate %MaterialData 47 Offset 264,,,,,,,,,,
387,OpMemberDecorate %MaterialData 48 Offset 268,,,,,,,,,,
388,OpMemberDecorate %MaterialData 49 Offset 272,,,,,,,,,,
389,OpMemberDecorate %MaterialData 50 Offset 276,,,,,,,,,,
390,OpMemberDecorate %MaterialData 51 Offset 280,,,,,,,,,,
391,OpMemberDecorate %MaterialData 52 Offset 288,,,,,,,,,,
392,OpMemberDecorate %MaterialData 53 Offset 304,,,,,,,,,,
393,OpMemberDecorate %MaterialData 54 Offset 308,,,,,,,,,,
394,OpMemberDecorate %MaterialData 55 Offset 312,,,,,,,,,,
395,OpDecorate %_runtimearr_MaterialData ArrayStride 320,,,,,,,,,,
396,OpDecorate %MaterialSSBO Block,,,,,,,,,,
397,OpMemberDecorate %MaterialSSBO 0 NonWritable,,,,,,,,,,
398,OpMemberDecorate %MaterialSSBO 0 Offset 0,,,,,,,,,,
399,OpDecorate %materialBuf NonWritable,,,,,,,,,,
400,OpDecorate %materialBuf Binding 2,,,,,,,,,,
401,OpDecorate %materialBuf DescriptorSet 0,,,,,,,,,,
402,OpDecorate %_runtimearr_uint_0 ArrayStride 4,,,,,,,,,,
403,OpDecorate %CompactedEntityIndices Block,,,,,,,,,,
404,OpMemberDecorate %CompactedEntityIndices 0 NonWritable,,,,,,,,,,
405,OpMemberDecorate %CompactedEntityIndices 0 Offset 0,,,,,,,,,,
406,OpDecorate %compactedBuf NonWritable,,,,,,,,,,
407,OpDecorate %compactedBuf Binding 7,,,,,,,,,,
408,OpDecorate %compactedBuf DescriptorSet 0,,,,,,,,,,
409,%void = OpTypeVoid,,,,,,,,,,
410,%3 = OpTypeFunction %void,,,,,,,,,,
411,%uint = OpTypeInt 32 0,,,,,,,,,,
412,%_ptr_Function_uint = OpTypePointer Function %uint,,,,,,,,,,
413,%8 = OpTypeFunction %uint %_ptr_Function_uint %_ptr_Function_uint %_ptr_Function_uint %_ptr_Function_uint,,,,,,,,,,
414,%uint_3 = OpConstant %uint 3,,,,,,,,,,
415,%uint_4 = OpConstant %uint 4,,,,,,,,,,
416,%_runtimearr_uint = OpTypeRuntimeArray %uint,,,,,,,,,,
417,%IndexBuffer = OpTypeStruct %_runtimearr_uint,,,,,,,,,,
418,%_ptr_StorageBuffer_IndexBuffer = OpTypePointer StorageBuffer %IndexBuffer,,,,,,,,,,
419,%indexBuf = OpVariable %_ptr_StorageBuffer_IndexBuffer StorageBuffer,,,,,,,,,,
420,%int = OpTypeInt 32 1,,,,,,,,,,
421,%int_0 = OpConstant %int 0,,,,,,,,,,
422,%_ptr_StorageBuffer_uint = OpTypePointer StorageBuffer %uint,,,,,,,,,,
423,%uint_8 = OpConstant %uint 8,,,,,,,,,,
424,%uint_255 = OpConstant %uint 255,,,,,,,,,,
425,%uint_32 = OpConstant %uint 32,,,,,,,,,,
426,%_arr_uint_uint_32 = OpTypeArray %uint %uint_32,,,,,,,,,,
427,%TaskPayload = OpTypeStruct %uint %_arr_uint_uint_32,,,,,,,,,,
428,%_ptr_TaskPayloadWorkgroupEXT_TaskPayload = OpTypePointer TaskPayloadWorkgroupEXT %TaskPayload,,,,,,,,,,
429,%IN = OpVariable %_ptr_TaskPayloadWorkgroupEXT_TaskPayload TaskPayloadWorkgroupEXT,,,,,,,,,,
430,%_ptr_TaskPayloadWorkgroupEXT_uint = OpTypePointer TaskPayloadWorkgroupEXT %uint,,,,,,,,,,
431,%uint_536870911 = OpConstant %uint 536870911,,,,,,,,,,
432,%uint_29 = OpConstant %uint 29,,,,,,,,,,
433,%EntityInfo = OpTypeStruct %uint %uint,,,,,,,,,,
434,%_ptr_Function_EntityInfo = OpTypePointer Function %EntityInfo,,,,,,,,,,
435,%EntityInfo_0 = OpTypeStruct %uint %uint,,,,,,,,,,
436,%_runtimearr_EntityInfo_0 = OpTypeRuntimeArray %EntityInfo_0,,,,,,,,,,
437,%EntitySSBO = OpTypeStruct %_runtimearr_EntityInfo_0,,,,,,,,,,
438,%_ptr_StorageBuffer_EntitySSBO = OpTypePointer StorageBuffer %EntitySSBO,,,,,,,,,,
439,%entityBuf = OpVariable %_ptr_StorageBuffer_EntitySSBO StorageBuffer,,,,,,,,,,
440,%_ptr_StorageBuffer_EntityInfo_0 = OpTypePointer StorageBuffer %EntityInfo_0,,,,,,,,,,
441,%int_1 = OpConstant %int 1,,,,,,,,,,
442,%MeshData = OpTypeStruct %uint %uint %uint %uint %uint %uint %uint %uint %uint,,,,,,,,,,
443,%_ptr_Function_MeshData = OpTypePointer Function %MeshData,,,,,,,,,,
444,%MeshData_0 = OpTypeStruct %uint %uint %uint %uint %uint %uint %uint %uint %uint,,,,,,,,,,
445,%_runtimearr_MeshData_0 = OpTypeRuntimeArray %MeshData_0,,,,,,,,,,
446,%MeshSSBO = OpTypeStruct %_runtimearr_MeshData_0,,,,,,,,,,
447,%_ptr_StorageBuffer_MeshSSBO = OpTypePointer StorageBuffer %MeshSSBO,,,,,,,,,,
448,%meshBuf = OpVariable %_ptr_StorageBuffer_MeshSSBO StorageBuffer,,,,,,,,,,
449,%_ptr_StorageBuffer_MeshData_0 = OpTypePointer StorageBuffer %MeshData_0,,,,,,,,,,
450,%int_2 = OpConstant %int 2,,,,,,,,,,
451,%int_3 = OpConstant %int 3,,,,,,,,,,
452,%int_4 = OpConstant %int 4,,,,,,,,,,
453,%v3uint = OpTypeVector %uint 3,,,,,,,,,,
454,%_ptr_Input_v3uint = OpTypePointer Input %v3uint,,,,,,,,,,
455,%gl_WorkGroupID = OpVariable %_ptr_Input_v3uint Input,,,,,,,,,,
456,%uint_0 = OpConstant %uint 0,,,,,,,,,,
457,%_ptr_Input_uint = OpTypePointer Input %uint,,,,,,,,,,
458,%bool = OpTypeBool,,,,,,,,,,
459,%uint_1 = OpConstant %uint 1,,,,,,,,,,
460,%uint_2 = OpConstant %uint 2,,,,,,,,,,
461,%gl_LocalInvocationID = OpVariable %_ptr_Input_v3uint Input,,,,,,,,,,
462,%float = OpTypeFloat 32,,,,,,,,,,
463,%v4float = OpTypeVector %float 4,,,,,,,,,,
464,%mat4v4float = OpTypeMatrix %v4float 4,,,,,,,,,,
465,%_ptr_Function_mat4v4float = OpTypePointer Function %mat4v4float,,,,,,,,,,
466,%_runtimearr_mat4v4float = OpTypeRuntimeArray %mat4v4float,,,,,,,,,,
467,%TransformSSBO = OpTypeStruct %_runtimearr_mat4v4float,,,,,,,,,,
468,%_ptr_StorageBuffer_TransformSSBO = OpTypePointer StorageBuffer %TransformSSBO,,,,,,,,,,
469,%transformBuf = OpVariable %_ptr_StorageBuffer_TransformSSBO StorageBuffer,,,,,,,,,,
470,%_ptr_StorageBuffer_mat4v4float = OpTypePointer StorageBuffer %mat4v4float,,,,,,,,,,
471,%v3float = OpTypeVector %float 3,,,,,,,,,,
472,%mat3v3float = OpTypeMatrix %v3float 3,,,,,,,,,,
473,%_ptr_Function_mat3v3float = OpTypePointer Function %mat3v3float,,,,,,,,,,
474,%PackedVertex = OpTypeStruct %float %float %float %float %float %float %float %float,,,,,,,,,,
475,%_ptr_Function_PackedVertex = OpTypePointer Function %PackedVertex,,,,,,,,,,
476,%PackedVertex_0 = OpTypeStruct %float %float %float %float %float %float %float %float,,,,,,,,,,
477,%_runtimearr_PackedVertex_0 = OpTypeRuntimeArray %PackedVertex_0,,,,,,,,,,
478,%VertexBuffer = OpTypeStruct %_runtimearr_PackedVertex_0,,,,,,,,,,
479,%_ptr_StorageBuffer_VertexBuffer = OpTypePointer StorageBuffer %VertexBuffer,,,,,,,,,,
480,%vertexBuf = OpVariable %_ptr_StorageBuffer_VertexBuffer StorageBuffer,,,,,,,,,,
481,%_ptr_StorageBuffer_PackedVertex_0 = OpTypePointer StorageBuffer %PackedVertex_0,,,,,,,,,,
482,%_ptr_Function_v3float = OpTypePointer Function %v3float,,,,,,,,,,
483,%_ptr_Function_float = OpTypePointer Function %float,,,,,,,,,,
484,%_ptr_Function_v4float = OpTypePointer Function %v4float,,,,,,,,,,
485,%float_1 = OpConstant %float 1,,,,,,,,,,
486,%gl_MeshPerVertexEXT = OpTypeStruct %v4float,,,,,,,,,,
487,%uint_64 = OpConstant %uint 64,,,,,,,,,,
488,%_arr_gl_MeshPerVertexEXT_uint_64 = OpTypeArray %gl_MeshPerVertexEXT %uint_64,,,,,,,,,,
489,%_ptr_Output__arr_gl_MeshPerVertexEXT_uint_64 = OpTypePointer Output %_arr_gl_MeshPerVertexEXT_uint_64,,,,,,,,,,
490,%gl_MeshVerticesEXT = OpVariable %_ptr_Output__arr_gl_MeshPerVertexEXT_uint_64 Output,,,,,,,,,,
491,%shadowPass = OpSpecConstantFalse %bool,,,,,,,,,,
492,%uint_6 = OpConstant %uint 6,,,,,,,,,,
493,%_arr_v4float_uint_6 = OpTypeArray %v4float %uint_6,,,,,,,,,,
494,%CullView = OpTypeStruct %mat4v4float %_arr_v4float_uint_6,,,,,,,,,,
495,%_runtimearr_CullView = OpTypeRuntimeArray %CullView,,,,,,,,,,
496,%ShadowFrustumSSBO = OpTypeStruct %_runtimearr_CullView,,,,,,,,,,
497,%_ptr_StorageBuffer_ShadowFrustumSSBO = OpTypePointer StorageBuffer %ShadowFrustumSSBO,,,,,,,,,,
498,%shadowBuf = OpVariable %_ptr_StorageBuffer_ShadowFrustumSSBO StorageBuffer,,,,,,,,,,
499,%PushConstants = OpTypeStruct %uint %uint,,,,,,,,,,
500,%_ptr_PushConstant_PushConstants = OpTypePointer PushConstant %PushConstants,,,,,,,,,,
501,%pc = OpVariable %_ptr_PushConstant_PushConstants PushConstant,,,,,,,,,,
502,%_ptr_PushConstant_uint = OpTypePointer PushConstant %uint,,,,,,,,,,
503,%GlobalUBO = OpTypeStruct %mat4v4float %mat4v4float %float %float %uint %uint %v4float,,,,,,,,,,
504,%_ptr_Uniform_GlobalUBO = OpTypePointer Uniform %GlobalUBO,,,,,,,,,,
505,%global = OpVariable %_ptr_Uniform_GlobalUBO Uniform,,,,,,,,,,
506,%_ptr_Uniform_mat4v4float = OpTypePointer Uniform %mat4v4float,,,,,,,,,,
507,%_ptr_Output_v4float = OpTypePointer Output %v4float,,,,,,,,,,
508,%int_5 = OpConstant %int 5,,,,,,,,,,
509,%v2float = OpTypeVector %float 2,,,,,,,,,,
510,%_ptr_Function_v2float = OpTypePointer Function %v2float,,,,,,,,,,
511,%int_6 = OpConstant %int 6,,,,,,,,,,
512,%int_7 = OpConstant %int 7,,,,,,,,,,
513,%_arr_v3float_uint_64 = OpTypeArray %v3float %uint_64,,,,,,,,,,
514,%_ptr_Output__arr_v3float_uint_64 = OpTypePointer Output %_arr_v3float_uint_64,,,,,,,,,,
515,%fragNormal = OpVariable %_ptr_Output__arr_v3float_uint_64 Output,,,,,,,,,,
516,%_ptr_Output_v3float = OpTypePointer Output %v3float,,,,,,,,,,
517,%_arr_v2float_uint_64 = OpTypeArray %v2float %uint_64,,,,,,,,,,
518,%_ptr_Output__arr_v2float_uint_64 = OpTypePointer Output %_arr_v2float_uint_64,,,,,,,,,,
519,%fragTexCoord = OpVariable %_ptr_Output__arr_v2float_uint_64 Output,,,,,,,,,,
520,%_ptr_Output_v2float = OpTypePointer Output %v2float,,,,,,,,,,
521,%_arr_uint_uint_64 = OpTypeArray %uint %uint_64,,,,,,,,,,
522,%_ptr_Output__arr_uint_uint_64 = OpTypePointer Output %_arr_uint_uint_64,,,,,,,,,,
523,%outMaterialIndex = OpVariable %_ptr_Output__arr_uint_uint_64 Output,,,,,,,,,,
524,%_ptr_Output_uint = OpTypePointer Output %uint,,,,,,,,,,
525,%fragWorldPos = OpVariable %_ptr_Output__arr_v3float_uint_64 Output,,,,,,,,,,
526,%outEntityIndex = OpVariable %_ptr_Output__arr_uint_uint_64 Output,,,,,,,,,,
527,%uint_126 = OpConstant %uint 126,,,,,,,,,,
528,%_arr_v3uint_uint_126 = OpTypeArray %v3uint %uint_126,,,,,,,,,,
529,%_ptr_Output__arr_v3uint_uint_126 = OpTypePointer Output %_arr_v3uint_uint_126,,,,,,,,,,
530,%gl_PrimitiveTriangleIndicesEXT = OpVariable %_ptr_Output__arr_v3uint_uint_126 Output,,,,,,,,,,
531,%_ptr_Output_v3uint = OpTypePointer Output %v3uint,,,,,,,,,,
532,%gl_WorkGroupSize = OpConstantComposite %v3uint %uint_64 %uint_1 %uint_1,,,,,,,,,,
533,%_arr_uint_uint_2 = OpTypeArray %uint %uint_2,,,,,,,,,,
534,%_arr_uint_uint_3 = OpTypeArray %uint %uint_3,,,,,,,,,,
535,%_arr_uint_uint_2_0 = OpTypeArray %uint %uint_2,,,,,,,,,,
536,%_arr_uint_uint_2_1 = OpTypeArray %uint %uint_2,,,,,,,,,,
537,%_arr_uint_uint_2_2 = OpTypeArray %uint %uint_2,,,,,,,,,,
538,%MaterialData = OpTypeStruct %uint %uint %_arr_uint_uint_2 %v4float %uint %float %float %uint %float %uint %float %uint %v4float %uint %float %uint %uint %uint %uint %float %float %uint %float %uint %float %float %_arr_uint_uint_3 %v4float %float %uint %uint %float %v4float %uint %uint %_arr_uint_uint_2_0 %v4float %float %uint %uint %float %float %float %float %uint %float %float %float %uint %uint %float %_arr_uint_uint_2_1 %v4float %float %uint %_arr_uint_uint_2_2,,,,,,,,,,
539,%_runtimearr_MaterialData = OpTypeRuntimeArray %MaterialData,,,,,,,,,,
540,%MaterialSSBO = OpTypeStruct %_runtimearr_MaterialData,,,,,,,,,,
541,%_ptr_StorageBuffer_MaterialSSBO = OpTypePointer StorageBuffer %MaterialSSBO,,,,,,,,,,
542,%materialBuf = OpVariable %_ptr_StorageBuffer_MaterialSSBO StorageBuffer,,,,,,,,,,
543,%_runtimearr_uint_0 = OpTypeRuntimeArray %uint,,,,,,,,,,
544,%CompactedEntityIndices = OpTypeStruct %_runtimearr_uint_0,,,,,,,,,,
545,%_ptr_StorageBuffer_CompactedEntityIndices = OpTypePointer StorageBuffer %CompactedEntityIndices,,,,,,,,,,
546,%compactedBuf = OpVariable %_ptr_StorageBuffer_CompactedEntityIndices StorageBuffer,,,,,,,,,,
547,%main = OpFunction %void None %3,,,,,,,,,,
548,%5 = OpLabel,,,,,,,,,,9
549,%packed = OpVariable %_ptr_Function_uint Function,,,,,,,,,,
550,%entityIndex = OpVariable %_ptr_Function_uint Function,,,,,,,,,,
551,%lodLevel = OpVariable %_ptr_Function_uint Function,,,,,,,,,,
552,%entity = OpVariable %_ptr_Function_EntityInfo Function,,,,,,,,,,
553,%meshIndex = OpVariable %_ptr_Function_uint Function,,,,,,,,,,
554,%materialIndex = OpVariable %_ptr_Function_uint Function,,,,,,,,,,
555,%mData = OpVariable %_ptr_Function_MeshData Function,,,,,,,,,,
556,%meshletCount = OpVariable %_ptr_Function_uint Function,,,,,,,,,,
557,%meshletOffsetBytes = OpVariable %_ptr_Function_uint Function,,,,,,,,,,
558,%uniqueVertOffsetBytes = OpVariable %_ptr_Function_uint Function,,,,,,,,,,
559,%trianglesOffsetBytes = OpVariable %_ptr_Function_uint Function,,,,,,,,,,
560,%vertexOffsetBytes = OpVariable %_ptr_Function_uint Function,,,,,,,,,,
561,%meshletOffsetUint = OpVariable %_ptr_Function_uint Function,,,,,,,,,,
562,%uniqueVertOffsetUint = OpVariable %_ptr_Function_uint Function,,,,,,,,,,
563,%globalVertexBase = OpVariable %_ptr_Function_uint Function,,,,,,,,,,
564,%m = OpVariable %_ptr_Function_uint Function,,,,,,,,,,
565,%meshletIndex = OpVariable %_ptr_Function_uint Function,,,,,,,,,,
566,%vertexOffset = OpVariable %_ptr_Function_uint Function,,,,,,,,,,
567,%triangleOffset_0 = OpVariable %_ptr_Function_uint Function,,,,,,,,,,
568,%vertexCount = OpVariable %_ptr_Function_uint Function,,,,,,,,,,
569,%triangleCount = OpVariable %_ptr_Function_uint Function,,,,,,,,,,
570,%ti = OpVariable %_ptr_Function_uint Function,,,,,,,,,,
571,%model = OpVariable %_ptr_Function_mat4v4float Function,,,,,,,,,,
572,%normalMatrix = OpVariable %_ptr_Function_mat3v3float Function,,,,,,,,,,
573,%i = OpVariable %_ptr_Function_uint Function,,,,,,,,,,
574,%vertexIdx = OpVariable %_ptr_Function_uint Function,,,,,,,,,,
575,%globalVertexIdx = OpVariable %_ptr_Function_uint Function,,,,,,,,,,
576,%v = OpVariable %_ptr_Function_PackedVertex Function,,,,,,,,,,
577,%position = OpVariable %_ptr_Function_v3float Function,,,,,,,,,,
578,%worldPos = OpVariable %_ptr_Function_v4float Function,,,,,,,,,,
579,%270 = OpVariable %_ptr_Function_v4float Function,,,,,,,,,,
580,%normal = OpVariable %_ptr_Function_v3float Function,,,,,,,,,,
581,%texCoord = OpVariable %_ptr_Function_v2float Function,,,,,,,,,,
582,%i_0 = OpVariable %_ptr_Function_uint Function,,,,,,,,,,
583,%i0 = OpVariable %_ptr_Function_uint Function,,,,,,,,,,
584,%param = OpVariable %_ptr_Function_uint Function,,,,,,,,,,
585,%param_0 = OpVariable %_ptr_Function_uint Function,,,,,,,,,,
586,%param_1 = OpVariable %_ptr_Function_uint Function,,,,,,,,,,
587,%param_2 = OpVariable %_ptr_Function_uint Function,,,,,,,,,,
588,%i1 = OpVariable %_ptr_Function_uint Function,,,,,,,,,,
589,%param_3 = OpVariable %_ptr_Function_uint Function,,,,,,,,,,
590,%param_4 = OpVariable %_ptr_Function_uint Function,,,,,,,,,,
591,%param_5 = OpVariable %_ptr_Function_uint Function,,,,,,,,,,
592,%param_6 = OpVariable %_ptr_Function_uint Function,,,,,,,,,,
593,%i2 = OpVariable %_ptr_Function_uint Function,,,,,,,,,,
594,%param_7 = OpVariable %_ptr_Function_uint Function,,,,,,,,,,
595,%param_8 = OpVariable %_ptr_Function_uint Function,,,,,,,,,,
596,%param_9 = OpVariable %_ptr_Function_uint Function,,,,,,,,,,
597,%param_10 = OpVariable %_ptr_Function_uint Function,,,,,,,,,,
598,%59 = OpAccessChain %_ptr_TaskPayloadWorkgroupEXT_uint %IN %int_0,,,,,,,,,,
599,%60 = OpLoad %uint %59,,,,,,,,,,1
600,OpStore %packed %60,,,,,,,,,,
601,%62 = OpLoad %uint %packed,,,,,,,,,,
602,%64 = OpBitwiseAnd %uint %62 %uint_536870911,,,,,,,,,,65
603,OpStore %entityIndex %64,,,,,,,,,,
604,%66 = OpLoad %uint %packed,,,,,,,,,,
605,%68 = OpShiftRightLogical %uint %66 %uint_29,,,,,,,,,,
606,OpStore %lodLevel %68,,,,,,,,,,
607,%77 = OpLoad %uint %entityIndex,,,,,,,,,,
608,%79 = OpAccessChain %_ptr_StorageBuffer_EntityInfo_0 %entityBuf %int_0 %77,,,,,,,,,,
609,%80 = OpLoad %EntityInfo_0 %79,,,,,,,,,,7
610,%81 = OpCopyLogical %EntityInfo %80,,,,,,,,,,
611,OpStore %entity %81,,,,,,,,,,
612,%83 = OpAccessChain %_ptr_Function_uint %entity %int_0,,,,,,,,,,
613,%84 = OpLoad %uint %83,,,,,,,,,,
614,%85 = OpLoad %uint %lodLevel,,,,,,,,,,
615,%86 = OpIAdd %uint %84 %85,,,,,,,,,,7
616,OpStore %meshIndex %86,,,,,,,,,,
617,%89 = OpAccessChain %_ptr_Function_uint %entity %int_1,,,,,,,,,,
618,%90 = OpLoad %uint %89,,,,,,,,,,
619,OpStore %materialIndex %90,,,,,,,,,,
620,%99 = OpLoad %uint %meshIndex,,,,,,,,,,
621,%101 = OpAccessChain %_ptr_StorageBuffer_MeshData_0 %meshBuf %int_0 %99,,,,,,,,,,
622,%102 = OpLoad %MeshData_0 %101,,,,,,,,,,28
623,%103 = OpCopyLogical %MeshData %102,,,,,,,,,,
624,OpStore %mData %103,,,,,,,,,,
625,%105 = OpAccessChain %_ptr_Function_uint %mData %int_0,,,,,,,,,,
626,%106 = OpLoad %uint %105,,,,,,,,,,
627,OpStore %meshletCount %106,,,,,,,,,,
628,%108 = OpAccessChain %_ptr_Function_uint %mData %int_1,,,,,,,,,,
629,%109 = OpLoad %uint %108,,,,,,,,,,
630,OpStore %meshletOffsetBytes %109,,,,,,,,,,
631,%112 = OpAccessChain %_ptr_Function_uint %mData %int_2,,,,,,,,,,
632,%113 = OpLoad %uint %112,,,,,,,,,,
633,OpStore %uniqueVertOffsetBytes %113,,,,,,,,,,
634,%116 = OpAccessChain %_ptr_Function_uint %mData %int_3,,,,,,,,,,
635,%117 = OpLoad %uint %116,,,,,,,,,,
636,OpStore %trianglesOffsetBytes %117,,,,,,,,,,
637,%120 = OpAccessChain %_ptr_Function_uint %mData %int_4,,,,,,,,,,
638,%121 = OpLoad %uint %120,,,,,,,,,,
639,OpStore %vertexOffsetBytes %121,,,,,,,,,,
640,%123 = OpLoad %uint %meshletOffsetBytes,,,,,,,,,,
641,%124 = OpUDiv %uint %123 %uint_4,,,,,,,,,,
642,OpStore %meshletOffsetUint %124,,,,,,,,,,
643,%126 = OpLoad %uint %uniqueVertOffsetBytes,,,,,,,,,,
644,%127 = OpUDiv %uint %126 %uint_4,,,,,,,,,,
645,OpStore %uniqueVertOffsetUint %127,,,,,,,,,,
646,%129 = OpLoad %uint %vertexOffsetBytes,,,,,,,,,,
647,%130 = OpUDiv %uint %129 %uint_32,,,,,,,,,,
648,OpStore %globalVertexBase %130,,,,,,,,,,
649,%137 = OpAccessChain %_ptr_Input_uint %gl_WorkGroupID %uint_0,,,,,,,,,,
650,%138 = OpLoad %uint %137,,,,,,,,,,
651,%139 = OpAccessChain %_ptr_TaskPayloadWorkgroupEXT_uint %IN %int_1 %138,,,,,,,,,,
652,%140 = OpLoad %uint %139,,,,,,,,,,6
653,OpStore %m %140,,,,,,,,,,
654,%141 = OpLoad %uint %m,,,,,,,,,,
655,%142 = OpLoad %uint %meshletCount,,,,,,,,,,
656,%144 = OpUGreaterThanEqual %bool %141 %142,,,,,,,,,,5
657,OpSelectionMerge %146 None,,,,,,,,,,
658,OpBranchConditional %144 %145 %146,,,,,,,,,,5
659,%145 = OpLabel,,,,,,,,,,
660,OpReturn,,,,,,,,,,
661,%146 = OpLabel,,,,,,,,,,
662,%149 = OpLoad %uint %meshletOffsetUint,,,,,,,,,,
663,%150 = OpLoad %uint %m,,,,,,,,,,
664,%151 = OpIMul %uint %150 %uint_4,,,,,,,,,,6
665,%152 = OpIAdd %uint %149 %151,,,,,,,,,,6
666,OpStore %meshletIndex %152,,,,,,,,,,
667,%154 = OpLoad %uint %meshletIndex,,,,,,,,,,
668,%155 = OpIAdd %uint %154 %uint_0,,,,,,,,,,
669,%156 = OpAccessChain %_ptr_StorageBuffer_uint %indexBuf %int_0 %155,,,,,,,,,,
670,%157 = OpLoad %uint %156,,,,,,,,,,24
671,OpStore %vertexOffset %157,,,,,,,,,,
672,%159 = OpLoad %uint %meshletIndex,,,,,,,,,,
673,%161 = OpIAdd %uint %159 %uint_1,,,,,,,,,,
674,%162 = OpAccessChain %_ptr_StorageBuffer_uint %indexBuf %int_0 %161,,,,,,,,,,
675,%163 = OpLoad %uint %162,,,,,,,,,,24
676,OpStore %triangleOffset_0 %163,,,,,,,,,,
677,%165 = OpLoad %uint %meshletIndex,,,,,,,,,,
678,%167 = OpIAdd %uint %165 %uint_2,,,,,,,,,,
679,%168 = OpAccessChain %_ptr_StorageBuffer_uint %indexBuf %int_0 %167,,,,,,,,,,
680,%169 = OpLoad %uint %168,,,,,,,,,,24
681,OpStore %vertexCount %169,,,,,,,,,,
682,%171 = OpLoad %uint %meshletIndex,,,,,,,,,,
683,%172 = OpIAdd %uint %171 %uint_3,,,,,,,,,,
684,%173 = OpAccessChain %_ptr_StorageBuffer_uint %indexBuf %int_0 %172,,,,,,,,,,
685,%174 = OpLoad %uint %173,,,,,,,,,,7
686,OpStore %triangleCount %174,,,,,,,,,,
687,%175 = OpLoad %uint %vertexCount,,,,,,,,,,
688,%176 = OpLoad %uint %triangleCount,,,,,,,,,,
689,OpSetMeshOutputsEXT %175 %176,,,,,,,,,,37
690,%179 = OpAccessChain %_ptr_Input_uint %gl_LocalInvocationID %uint_0,,,,,,,,,,
691,%180 = OpLoad %uint %179,,,,,,,,,,
692,OpStore %ti %180,,,,,,,,,,
693,%190 = OpLoad %uint %entityIndex,,,,,,,,,,
694,%192 = OpAccessChain %_ptr_StorageBuffer_mat4v4float %transformBuf %int_0 %190,,,,,,,,,,
695,%193 = OpLoad %mat4v4float %192,,,,,,,,,,28
696,OpStore %model %193,,,,,,,,,,
697,%198 = OpLoad %mat4v4float %model,,,,,,,,,,
698,%199 = OpCompositeExtract %v4float %198 0,,,,,,,,,,
699,%200 = OpVectorShuffle %v3float %199 %199 0 1 2,,,,,,,,,,
700,%201 = OpCompositeExtract %v4float %198 1,,,,,,,,,,
701,%202 = OpVectorShuffle %v3float %201 %201 0 1 2,,,,,,,,,,
702,%203 = OpCompositeExtract %v4float %198 2,,,,,,,,,,
703,%204 = OpVectorShuffle %v3float %203 %203 0 1 2,,,,,,,,,,
704,%205 = OpCompositeConstruct %mat3v3float %200 %202 %204,,,,,,,,,,
705,%206 = OpExtInst %mat3v3float %1 MatrixInverse %205,,,,,,,,,,38
706,%207 = OpTranspose %mat3v3float %206,,,,,,,,,,
707,OpStore %normalMatrix %207,,,,,,,,,,
708,%209 = OpLoad %uint %ti,,,,,,,,,,
709,OpStore %i %209,,,,,,,,,,
710,OpBranch %210,,,,,,,,,,
711,%210 = OpLabel,,,,,,,,,,
712,OpLoopMerge %212 %213 None,,,,,,,,,,
713,OpBranch %214,,,,,,,,,,
714,%214 = OpLabel,,,,,,,,,,
715,%215 = OpLoad %uint %i,,,,,,,,,,
716,%216 = OpLoad %uint %vertexCount,,,,,,,,,,
717,%217 = OpULessThan %bool %215 %216,,,,,,,,,,65
718,OpBranchConditional %217 %211 %212,,,,,,,,,,57
719,%211 = OpLabel,,,,,,,,,,
720,%219 = OpLoad %uint %uniqueVertOffsetUint,,,,,,,,,,
721,%220 = OpLoad %uint %vertexOffset,,,,,,,,,,
722,%221 = OpIAdd %uint %219 %220,,,,,,,,,,64
723,%222 = OpLoad %uint %i,,,,,,,,,,
724,%223 = OpIAdd %uint %221 %222,,,,,,,,,,65
725,%224 = OpAccessChain %_ptr_StorageBuffer_uint %indexBuf %int_0 %223,,,,,,,,,,
726,%225 = OpLoad %uint %224,,,,,,,,,,65
727,OpStore %vertexIdx %225,,,,,,,,,,
728,%227 = OpLoad %uint %globalVertexBase,,,,,,,,,,
729,%228 = OpLoad %uint %vertexIdx,,,,,,,,,,
730,%229 = OpIAdd %uint %227 %228,,,,,,,,,,56
731,OpStore %globalVertexIdx %229,,,,,,,,,,
732,%238 = OpLoad %uint %globalVertexIdx,,,,,,,,,,
733,%240 = OpAccessChain %_ptr_StorageBuffer_PackedVertex_0 %vertexBuf %int_0 %238,,,,,,,,,,
734,%241 = OpLoad %PackedVertex_0 %240,,,,,,,,,,65
735,%242 = OpCopyLogical %PackedVertex %241,,,,,,,,,,
736,OpStore %v %242,,,,,,,,,,
737,%246 = OpAccessChain %_ptr_Function_float %v %int_0,,,,,,,,,,
738,%247 = OpLoad %float %246,,,,,,,,,,
739,%248 = OpAccessChain %_ptr_Function_float %v %int_1,,,,,,,,,,
740,%249 = OpLoad %float %248,,,,,,,,,,
741,%250 = OpAccessChain %_ptr_Function_float %v %int_2,,,,,,,,,,
742,%251 = OpLoad %float %250,,,,,,,,,,
743,%252 = OpCompositeConstruct %v3float %247 %249 %251,,,,,,,,,,
744,OpStore %position %252,,,,,,,,,,
745,%255 = OpLoad %mat4v4float %model,,,,,,,,,,
746,%256 = OpLoad %v3float %position,,,,,,,,,,
747,%258 = OpCompositeExtract %float %256 0,,,,,,,,,,
748,%259 = OpCompositeExtract %float %256 1,,,,,,,,,,
749,%260 = OpCompositeExtract %float %256 2,,,,,,,,,,
750,%261 = OpCompositeConstruct %v4float %258 %259 %260 %float_1,,,,,,,,,,
751,%262 = OpMatrixTimesVector %v4float %255 %261,,,,,,,,,,74
752,OpStore %worldPos %262,,,,,,,,,,
753,%268 = OpLoad %uint %i,,,,,,,,,,
754,OpSelectionMerge %272 None,,,,,,,,,,
755,OpBranchConditional %shadowPass %271 %290,,,,,,,,,,
756,%271 = OpLabel,,,,,,,,,,
757,%284 = OpAccessChain %_ptr_PushConstant_uint %pc %int_1,,,,,,,,,,
758,%285 = OpLoad %uint %284,,,,,,,,,,
759,%286 = OpAccessChain %_ptr_StorageBuffer_mat4v4float %shadowBuf %int_0 %285 %int_0,,,,,,,,,,
760,%287 = OpLoad %mat4v4float %286,,,,,,,,,,
761,%288 = OpLoad %v4float %worldPos,,,,,,,,,,
762,%289 = OpMatrixTimesVector %v4float %287 %288,,,,,,,,,,
763,OpStore %270 %289,,,,,,,,,,
764,OpBranch %272,,,,,,,,,,
765,%290 = OpLabel,,,,,,,,,,
766,%295 = OpAccessChain %_ptr_Uniform_mat4v4float %global %int_1,,,,,,,,,,
767,%296 = OpLoad %mat4v4float %295,,,,,,,,,,28
768,%297 = OpAccessChain %_ptr_Uniform_mat4v4float %global %int_0,,,,,,,,,,
769,%298 = OpLoad %mat4v4float %297,,,,,,,,,,
770,%299 = OpMatrixTimesMatrix %mat4v4float %296 %298,,,,,,,,,,59
771,%300 = OpLoad %v4float %worldPos,,,,,,,,,,
772,%301 = OpMatrixTimesVector %v4float %299 %300,,,,,,,,,,75
773,OpStore %270 %301,,,,,,,,,,
774,OpBranch %272,,,,,,,,,,
775,%272 = OpLabel,,,,,,,,,,
776,%302 = OpLoad %v4float %270,,,,,,,,,,
777,%304 = OpAccessChain %_ptr_Output_v4float %gl_MeshVerticesEXT %268 %int_0,,,,,,,,,,
778,OpStore %304 %302,,,,,,,,,,70
779,%306 = OpAccessChain %_ptr_Function_float %v %int_3,,,,,,,,,,
780,%307 = OpLoad %float %306,,,,,,,,,,
781,%308 = OpAccessChain %_ptr_Function_float %v %int_4,,,,,,,,,,
782,%309 = OpLoad %float %308,,,,,,,,,,
783,%311 = OpAccessChain %_ptr_Function_float %v %int_5,,,,,,,,,,
784,%312 = OpLoad %float %311,,,,,,,,,,
785,%313 = OpCompositeConstruct %v3float %307 %309 %312,,,,,,,,,,
786,OpStore %normal %313,,,,,,,,,,
787,%318 = OpAccessChain %_ptr_Function_float %v %int_6,,,,,,,,,,
788,%319 = OpLoad %float %318,,,,,,,,,,
789,%321 = OpAccessChain %_ptr_Function_float %v %int_7,,,,,,,,,,
790,%322 = OpLoad %float %321,,,,,,,,,,
791,%323 = OpCompositeConstruct %v2float %319 %322,,,,,,,,,,
792,OpStore %texCoord %323,,,,,,,,,,
793,%327 = OpLoad %uint %i,,,,,,,,,,
794,%328 = OpLoad %mat3v3float %normalMatrix,,,,,,,,,,
795,%329 = OpLoad %v3float %normal,,,,,,,,,,
796,%330 = OpMatrixTimesVector %v3float %328 %329,,,,,,,,,,71
797,%332 = OpAccessChain %_ptr_Output_v3float %fragNormal %327,,,,,,,,,,
798,OpStore %332 %330,,,,,,,,,,65
799,%336 = OpLoad %uint %i,,,,,,,,,,
800,%337 = OpLoad %v2float %texCoord,,,,,,,,,,
801,%339 = OpAccessChain %_ptr_Output_v2float %fragTexCoord %336,,,,,,,,,,
802,OpStore %339 %337,,,,,,,,,,62
803,%343 = OpLoad %uint %i,,,,,,,,,,
804,%344 = OpLoad %uint %materialIndex,,,,,,,,,,
805,%346 = OpAccessChain %_ptr_Output_uint %outMaterialIndex %343,,,,,,,,,,
806,OpStore %346 %344,,,,,,,,,,60
807,%348 = OpLoad %uint %i,,,,,,,,,,
808,%349 = OpLoad %v4float %worldPos,,,,,,,,,,
809,%350 = OpVectorShuffle %v3float %349 %349 0 1 2,,,,,,,,,,
810,%351 = OpAccessChain %_ptr_Output_v3float %fragWorldPos %348,,,,,,,,,,
811,OpStore %351 %350,,,,,,,,,,60
812,%353 = OpLoad %uint %i,,,,,,,,,,
813,%354 = OpLoad %uint %entityIndex,,,,,,,,,,
814,%355 = OpAccessChain %_ptr_Output_uint %outEntityIndex %353,,,,,,,,,,
815,OpStore %355 %354,,,,,,,,,,57
816,OpBranch %213,,,,,,,,,,
817,%213 = OpLabel,,,,,,,,,,
818,%356 = OpLoad %uint %i,,,,,,,,,,
819,%357 = OpIAdd %uint %356 %uint_64,,,,,,,,,,65
820,OpStore %i %357,,,,,,,,,,
821,OpBranch %210,,,,,,,,,,
822,%212 = OpLabel,,,,,,,,,,
823,%359 = OpLoad %uint %ti,,,,,,,,,,
824,OpStore %i_0 %359,,,,,,,,,,
825,OpBranch %360,,,,,,,,,,
826,%360 = OpLabel,,,,,,,,,,
827,OpLoopMerge %362 %363 None,,,,,,,,,,
828,OpBranch %364,,,,,,,,,,
829,%364 = OpLabel,,,,,,,,,,
830,%365 = OpLoad %uint %i_0,,,,,,,,,,
831,%366 = OpLoad %uint %triangleCount,,,,,,,,,,
832,%367 = OpULessThan %bool %365 %366,,,,,,,,,,8
833,OpBranchConditional %367 %361 %362,,,,,,,,,,8
834,%361 = OpLabel,,,,,,,,,,
835,%370 = OpLoad %uint %trianglesOffsetBytes,,,,,,,,,,
836,OpStore %param %370,,,,,,,,,,
837,%372 = OpLoad %uint %triangleOffset_0,,,,,,,,,,
838,OpStore %param_0 %372,,,,,,,,,,
839,%374 = OpLoad %uint %i_0,,,,,,,,,,
840,OpStore %param_1 %374,,,,,,,,,,
841,OpStore %param_2 %uint_0,,,,,,,,,,
842,%376 = OpFunctionCall %uint %getLocalIndex_u1_u1_u1_u1_ %param %param_0 %param_1 %param_2,,,,,,,,,,
843,OpStore %i0 %376,,,,,,,,,,
844,%379 = OpLoad %uint %trianglesOffsetBytes,,,,,,,,,,
845,OpStore %param_3 %379,,,,,,,,,,
846,%381 = OpLoad %uint %triangleOffset_0,,,,,,,,,,
847,OpStore %param_4 %381,,,,,,,,,,
848,%383 = OpLoad %uint %i_0,,,,,,,,,,
849,OpStore %param_5 %383,,,,,,,,,,
850,OpStore %param_6 %uint_1,,,,,,,,,,
851,%385 = OpFunctionCall %uint %getLocalIndex_u1_u1_u1_u1_ %param_3 %param_4 %param_5 %param_6,,,,,,,,,,
852,OpStore %i1 %385,,,,,,,,,,
853,%388 = OpLoad %uint %trianglesOffsetBytes,,,,,,,,,,
854,OpStore %param_7 %388,,,,,,,,,,
855,%390 = OpLoad %uint %triangleOffset_0,,,,,,,,,,
856,OpStore %param_8 %390,,,,,,,,,,
857,%392 = OpLoad %uint %i_0,,,,,,,,,,
858,OpStore %param_9 %392,,,,,,,,,,
859,OpStore %param_10 %uint_2,,,,,,,,,,
860,%394 = OpFunctionCall %uint %getLocalIndex_u1_u1_u1_u1_ %param_7 %param_8 %param_9 %param_10,,,,,,,,,,
861,OpStore %i2 %394,,,,,,,,,,
862,%399 = OpLoad %uint %i_0,,,,,,,,,,
863,%400 = OpLoad %uint %i0,,,,,,,,,,
864,%401 = OpLoad %uint %i1,,,,,,,,,,
865,%402 = OpLoad %uint %i2,,,,,,,,,,
866,%403 = OpCompositeConstruct %v3uint %400 %401 %402,,,,,,,,,,
867,%405 = OpAccessChain %_ptr_Output_v3uint %gl_PrimitiveTriangleIndicesEXT %399,,,,,,,,,,
868,OpStore %405 %403,,,,,,,,,,43
869,OpBranch %363,,,,,,,,,,
870,%363 = OpLabel,,,,,,,,,,
871,%406 = OpLoad %uint %i_0,,,,,,,,,,
872,%407 = OpIAdd %uint %406 %uint_64,,,,,,,,,,33
873,OpStore %i_0 %407,,,,,,,,,,
874,OpBranch %360,,,,,,,,,,
875,%362 = OpLabel,,,,,,,,,,
876,OpReturn,,,,,,,,,,
877,OpFunctionEnd,,,,,,,,,,
878,%getLocalIndex_u1_u1_u1_u1_ = OpFunction %uint None %8,,,,,,,,,,
879,%baseByteOffset = OpFunctionParameter %_ptr_Function_uint,,,,,,,,,,
880,%triangleOffset = OpFunctionParameter %_ptr_Function_uint,,,,,,,,,,
881,%t = OpFunctionParameter %_ptr_Function_uint,,,,,,,,,,
882,%vertexInTriangle = OpFunctionParameter %_ptr_Function_uint,,,,,,,,,,
883,%14 = OpLabel,,,,,,,,,,
884,%byteOffset = OpVariable %_ptr_Function_uint Function,,,,,,,,,,
885,%uintIdx = OpVariable %_ptr_Function_uint Function,,,,,,,,,,
886,%byteIdx = OpVariable %_ptr_Function_uint Function,,,,,,,,,,
887,%val = OpVariable %_ptr_Function_uint Function,,,,,,,,,,
888,%16 = OpLoad %uint %baseByteOffset,,,,,,,,,,
889,%17 = OpLoad %uint %triangleOffset,,,,,,,,,,
890,%18 = OpIAdd %uint %16 %17,,,,,,,,,,7
891,%19 = OpLoad %uint %t,,,,,,,,,,
892,%21 = OpIMul %uint %19 %uint_3,,,,,,,,,,9
893,%22 = OpIAdd %uint %18 %21,,,,,,,,,,21
894,%23 = OpLoad %uint %vertexInTriangle,,,,,,,,,,
895,%24 = OpIAdd %uint %22 %23,,,,,,,,,,30
896,OpStore %byteOffset %24,,,,,,,,,,
897,%26 = OpLoad %uint %byteOffset,,,,,,,,,,
898,%28 = OpUDiv %uint %26 %uint_4,,,,,,,,,,
899,OpStore %uintIdx %28,,,,,,,,,,
900,%30 = OpLoad %uint %byteOffset,,,,,,,,,,
901,%31 = OpUMod %uint %30 %uint_4,,,,,,,,,,
902,OpStore %byteIdx %31,,,,,,,,,,
903,%39 = OpLoad %uint %uintIdx,,,,,,,,,,
904,%41 = OpAccessChain %_ptr_StorageBuffer_uint %indexBuf %int_0 %39,,,,,,,,,,
905,%42 = OpLoad %uint %41,,,,,,,,,,33
906,OpStore %val %42,,,,,,,,,,
907,%43 = OpLoad %uint %val,,,,,,,,,,
908,%44 = OpLoad %uint %byteIdx,,,,,,,,,,
909,%46 = OpIMul %uint %44 %uint_8,,,,,,,,,,34
910,%47 = OpShiftRightLogical %uint %43 %46,,,,,,,,,,33
911,%49 = OpBitwiseAnd %uint %47 %uint_255,,,,,,,,,,
912,OpReturnValue %49,,,,,,,,,,
913,OpFunctionEnd,,,,,,,,,,
914,,,,,,,,,,,
